"1","Attache cable","attache_cable.jpg"
"2","Cheville","cheville.jpg"
"3","Ecrou","ecrou.jpg"
"5","Insert filete","Insert_filete.jpg"
"6","Manchon","manchon.jpg"
"7","Rivet","rivet.jpg"
"8","Rondelle","rondelle.jpg"
"9","Vis a bois","vis bois.jpg"
"10","Vis a filetage metrique","visCategorie.jpg"
"11","Vis pression","vis_pression.jpg"
"12","Dominos","dominos.jpg"
"13","Radiateur","radiateur.jpg"
"14","Accouplement elastique","accouplement_elastique.jpg"
"15","Butee a bille","butee_a_bille.jpg"
"16","Chaine","chaine.jpg"
"17","Chape a rotule","chape_a_rotule.jpg"
"18","Roulement lineaire","roulement_lineaire.jpg"
"19","Ventouse","ventouse.jpg"
"20","Filets rapportes","filets_rapportes.jpg"
"21","Connecteur","connecteur.jpg"
"22","Tourillon","tourillon.jpg"
"23","Fixation en U","U.jpg"
"24","Accessoire Profil√©","accessoireProfile.jpg"
"25","Potentiometre","potentiometre.jpg"
